Part code,ชื่อวัสดุ,หน่วยนับ,จำนวนขั้นต่ำ,ประเภทสินค้า,กลุ่ม/หมวดหมู่สินค้า,cost center,work center,account code,activity code,Images,ราคาวัสดุ(AVG COST),หน่วยนับ(ย่อย),2 หน่วยนับ,ตัวคำนวน,,
BIF81100001,ค่าซ่อมเครน,EA,,Service,ค่าจ้างงานบริการ,811,680,68161,,,,,FALSE,,,
BIF81100002,ค่าขนย้ายเหล็กเก่า,EA,,Service,ค่าจ้างงานบริการ,811,680,67299,,,,,FALSE,,,
BIF81100003,ค่าวัสดุสิ้นเปลือง [Spare part],EA,,Expense,ค่าใช้จ่าย,811,680,56120,,,,,FALSE,,,
BIF81100004,ค่าวัสดุสิ้นเปลือง [Consumable],EA,,Expense,ค่าใช้จ่าย,811,680,56130,,,,,FALSE,,,
BIF81100005,ค่าซ่อมบำรุงรักษาเครื่องจักร / เครื่องมือ ฯ,EA,,Service,ค่าจ้างงานบริการ,811,680,68151,,,,,FALSE,,,
BIF81100006,"ค่าขนส่ง , ขนย้าย วัตถุดิบ / วัสดุ / อุปกรณ์",EA,,Service,ค่าจ้างงานบริการ,811,680,66903,,,,,FALSE,,,
BIF81100007,ค่าเช่าพื้นที่โรงงาน,EA,,Expense,ค่าใช้จ่าย,811,680,62101,,,,,FALSE,,,
BIF81100008,ค่าดำเนินการขออนุญาติประกอบกิจการโรงงาน,EA,,Expense,ค่าใช้จ่าย,811,680,67299,,,,,FALSE,,,
BIF81100009,ค่าจ้างแรงงานประเภทสัญญาจ้าง Outsource,EA,,Service,ค่าจ้างงานบริการ,811,680,67299,,,,,FALSE,,,
BIF81100010,ค่าใช้จ่ายการนำกลับมาใช้ให้เกิดประโยชน์,EA,,Expense,ค่าใช้จ่าย,811,680,66903,,,,,FALSE,,,
BIF81100011,ยอดงบประมาณการซื้อเหล็กเก่าของ SSI - บางสะพาน,EA,,Expense,ค่าใช้จ่าย,811,680,56130,,,,,FALSE,,,
BIF81100012,ค่าจ้างพนักงานรักษาความปลอดภัย,EA,,Expense,ค่าใช้จ่าย,811,680,67201,,,,,FALSE,,,
BIF81100013,การจัดอบรม,EA,,Expense,ค่าใช้จ่าย,811,680,65104,,,,,FALSE,,,
BIF81100014,ค่าเดินทาง,EA,,Expense,ค่าใช้จ่าย,811,680,61412,,,,,FALSE,,,
BIF81100015,ค่าเบี้ยเลี้ยง,EA,,Expense,ค่าใช้จ่าย,811,680,61411,,,,,FALSE,,,
BIF81100016,ค่าที่พัก,EA,,Expense,ค่าใช้จ่าย,811,680,61413,,,,,FALSE,,,
BIF81100017,ค่าไฟฟ้า,EA,,Expense,ค่าใช้จ่าย,811,680,62311,,,,,FALSE,,,
BIF81100018,ค่าน้ำ,EA,,Expense,ค่าใช้จ่าย,811,680,62330,,,,,FALSE,,,
BIF81100019,ค่าขนย้ายเหล็กเก่า,Job,,Service,ค่าจ้างงานบริการ,811,680,67299,,,,,FALSE,,,
BIF81100022,ค่าจ้างแรงงานประเภทสัญญาจ้าง Outsource,KG,,Expense,ค่าใช้จ่าย,811,680,67299,,,,,FALSE,,,
BIF81100023,Bank fee - Letter of Guarantee,EA,,Expense,ค่าใช้จ่าย,811,680,69324,,,,,FALSE,,,
BIF81100024,Water,EA,,Expense,ค่าใช้จ่าย,811,680,62330,,,,,FALSE,,,
BIF81100025,Printing & Stationary,EA,,Expense,ค่าใช้จ่าย,811,680,62401,,,,,FALSE,,,
BIF81100026,License & Other Fee,EA,,Expense,ค่าใช้จ่าย,811,680,69339,,,,,FALSE,,,
BIF81100027,Drink Water,EA,,Expense,ค่าใช้จ่าย,811,680,61249,,,,,FALSE,,,
BIF81100027,Computer Supplies,EA,,Expense,ค่าใช้จ่าย,811,680,62403,,,,,FALSE,,,
BIF81100029,"Expense Office Equipment, Furniture & Fixture",EA,,Expense,ค่าใช้จ่าย,811,680,62412,,,,,FALSE,,,
BIF81100030,ถังน้ำดื่มน้ำเปล่า,EA,,Expense,ค่าใช้จ่าย,811,680,61249,,,,,FALSE,,,
BIF81100032,CO2,Cyl,40,Consumable,อุปกรณ์งานตัด,811,680,56130,,,378,,FALSE,,,
BIF81100033,ลวดเชื่อม Flux core1.2,EA,10,Consumable,อุปกรณ์งานเชื่อม,811,680,56130,,,555,,FALSE,,,
BIF81100034,Electrode (220971),EA,10,Consumable,อุปกรณ์งานตัด,811,680,56130,,,360,,FALSE,,,
BIF81100035,Oxygen,Cyl,10,Consumable,อุปกรณ์งานตัด,811,680,56130,,,120,,FALSE,,,
BIF81100036,contact Tip 2.4 mm,EA,3,Consumable,อุปกรณ์งานเชื่อม,811,680,56130,,,,,FALSE,,,
BIF81100037,ค่าบริการทดสอบน้าหนักรอกสลิงไฟฟ้า และเครนไฟฟ้า,EA,,Service,ค่าจ้างงานบริการ,811,680,,,,,,FALSE,,,
BIF81100039,ค่าจ้างพนักงานรักษาความปลอดภัย,Month,,Expense,ค่าใช้จ่าย,811,680,67201,,,,,FALSE,,,
BIF81100040,ค่าเช่า Building,Month,,Expense,ค่าใช้จ่าย,811,680,62101,,,,,FALSE,,,
BIF81100041,แปรงทาสี,EA,30,Consumable,อุปกรณ์งานเชื่อม,811,680,56130,,,40,,FALSE,,,
BIF81100042,แก๊ส (LPG) 48k.,EA,15,Consumable,อุปกรณ์งานตัด,811,680,56130,,,1265,,FALSE,,,
BIF81100045,Tip Holder pana 350a,EA,10,Consumable,อุปกรณ์งานตัด,811,680,56130,,,120,,FALSE,,,
BIF81100049,"ลูกกลิ้งทาสี 4"" เล็ก(10ชิ้น/แพ็ค)",EA,12,Consumable,อุปกรณ์งานสี,811,680,56130,,,9.5,PCS,TRUE,10,,Remark : แก้ไขหน่วย บน Oracle เป็น EA
BIF81100050,ไม้รองชิ้นงาน,EA,300,Consumable,อุปกรณ์งาน Load,811,680,56130,,,20,,FALSE,,,
BIF81100051,Flux ซับเมิกร์,EA,20,Consumable,อุปกรณ์งานเชื่อม,811,680,56130,,,1025,,FALSE,,,
BIF81100052,ลวดเชื่อม ซับเมิร์ก 2.4 mm,EA,20,Consumable,อุปกรณ์งานเชื่อม,811,680,56130,,,1025,,FALSE,,,
BIF81100053,O2 (16EA/Pack),Pack,5,Consumable,อุปกรณ์งานตัด,811,680,56130,,,1250,PCS,TRUE,16,,
BIF81100054,Nozzlen (220975),EA,10,Consumable,อุปกรณ์งานตัด,811,680,56130,,,360,,FALSE,,,
BIF81100055,ลวดเชื่อมไฟฟ้า RB- 26 2.6 x 350mm ( 1 EA = 1000 เส้น),EA,10,Consumable,อุปกรณ์งานเชื่อม,811,680,56130,,,1000,Small Box,FALSE,5,,
BIF81100056,ลวดเชื่อมไฟฟ้า LB -52 LB 3.2x350mm ( 1 EA = 1000 เส้น),EA,10,Consumable,อุปกรณ์งานเชื่อม,811,680,56130,,,1060,,FALSE,,,
BIF81100057,ใบเจียรบาง 4 นิ้ว (25 Pcs/Box),Box,50,Consumable,อุปกรณ์งาน เจียร์,811,680,56130,,,237,PCS,TRUE,25,,Remark : แก้ไขหน่วย บน Oracle เป็น EA แต่การใช้งานเป็น BOX
BIF81100058,อินซูเลเตอร์ 350amp.,EA,10,Consumable,Spare part,811,680,56130,,,80,,FALSE,,,
BIF81100059,"แปรงถ่านหินเจียร DEWALT. 4""",EA,10,Consumable,Spare part,811,680,56130,,,260,,FALSE,,,
BIF81100060,แปรงถ่านหินเจียร MAKITA.,EA,10,Consumable,Spare part,811,680,56130,,,180,,FALSE,,,
BIF81100061,"แปรงถ่านหินเจียร ฮิตาชิ 7""",EA,10,Consumable,Spare part,811,680,56130,,,60,,FALSE,,,
BIF81100062,Hypertherm Cartridge (428926) 30-45A.,PCS,30,Consumable,Spare part,811,680,56130,,,2125,,FALSE,,,
BIF81100063,Hypertherm Cartridge (428930) 65A.,PCS,30,Consumable,Spare part,811,680,56130,,,1955,,FALSE,,,
BIF81100064,Nozzle Pana Mig 350 A.,PCS,12,Consumable,Spare part,811,680,56130,,,90,,FALSE,,,
BIF81100065,ปากกา SOLID MARKER (สีเหลือง),EA,5,Consumable,Stationary (อุปกรณ์เครื่องเขียน),811,680,62401,,,100,,FALSE,,,Remark : แก้ไขหน่วย บน Oracle เป็น EA แต่การใช้งานเป็น BOX
BIF81100066,ปากกา SOLID MARKER (สีน้ำเงิน),EA,5,Consumable,Stationary (อุปกรณ์เครื่องเขียน),811,680,62401,,,100,,FALSE,,,Remark : แก้ไขหน่วย บน Oracle เป็น EA แต่การใช้งานเป็น BOX
BIF81100067,ปากกา SOLID MARKER (สีขาว),EA,5,Consumable,Stationary (อุปกรณ์เครื่องเขียน),811,680,62401,,,100,,FALSE,,,Remark : แก้ไขหน่วย บน Oracle เป็น EA แต่การใช้งานเป็น BOX
BIF81100068,แผ่นเคลือบบัตร A3,EA,10,Consumable,Stationary (อุปกรณ์เครื่องเขียน),811,680,62401,,,580,,FALSE,,,
BIF81100069,แผ่นเคลือบบัตร A4,EA,10,Consumable,Stationary (อุปกรณ์เครื่องเขียน),811,680,62401,,,280,,FALSE,,,
BIF81100070,ปากกายูนิเพ็นท์ (สีขาว),Dozen,5,Consumable,Stationary (อุปกรณ์เครื่องเขียน),811,680,62401,,,600,,FALSE,,,
BIF81100071,ปากกายูนิเพ็นท์ (สีเหลือง),Dozen,5,Consumable,Stationary (อุปกรณ์เครื่องเขียน),811,680,62401,,,600,,FALSE,,,
BIF81100072,เทปกาวหนังไก่,Box,5,Consumable,Stationary (อุปกรณ์เครื่องเขียน),811,680,62401,,,820,,FALSE,,,
BIF81100073,สเปรย์สีขาว ติดทนนาน,CAN,10,Consumable,อุปกรณ์งานสี,811,680,56130,,,75,,FALSE,,,Remark : แก้ไขหน่วย บน Oracle เป็น Can แต่การใช้งานเป็น EA
BIF81100074,ไม้กวาดดอกหญ้า,EA,10,Consumable,Office supply (อุปกรณ์สำนักงาน),811,680,62404,,,30,,FALSE,,,
BIF81100075,ไม้กวาดทางมะพร้าว,EA,10,Consumable,Office supply (อุปกรณ์สำนักงาน),811,680,62404,,,43,,FALSE,,,
BIF81100076,ถุงขยะดำ 40x60(แพ็ค),Pack,10,Consumable,Office supply (อุปกรณ์สำนักงาน),811,680,62404,,,50,,FALSE,,,
BIF81100077,"DIES BSW 1"" N-ALL0Y ASADA (ขวา)",SET,2,Consumable,Spare part,811,680,56130,,,3150,,FALSE,,,
BIF81100078,"DIES BSW 3/4"" N-ALL0Y ASADA (ขวา)",SET,2,Consumable,Spare part,811,680,56130,,,3150,,FALSE,,,
BIF81100079,"DIES BSW 5/8"" N-ALL0Y ASADA (ขวา)",SET,2,Consumable,Spare part,811,680,56130,,,3150,,FALSE,,,
BIF81100080,"DIES BSW 1"" N-ALL0Y ASADA (ซ้าย)",SET,2,Consumable,Spare part,811,680,56130,,,3150,,FALSE,,,
BIF81100081,"DIES BSW 3/4"" N-ALL0Y ASADA  (ซ้าย)",SET,2,Consumable,Spare part,811,680,56130,,,3150,,FALSE,,,
BIF81100082,"DIES BSW 5/8"" N-ALL0Y ASADA  (ซ้าย)",SET,2,Consumable,Spare part,811,680,56130,,,3150,,FALSE,,,
BIF81100083,ปลั๊กยางตัวเมีย,EA,5,Consumable,อุปกรณ์ไฟฟ้า,811,680,68162,,,,,FALSE,,,
BIF81100084,ปลั๊กพาวเวอร์ตัวผู้,EA,5,Consumable,อุปกรณ์ไฟฟ้า,811,680,68162,,,,,FALSE,,,
BIF81100085,ปลั๊กยางตัวผู้ 3 ขา,EA,5,Consumable,อุปกรณ์ไฟฟ้า,811,680,68162,,,,,FALSE,,,
BIF81100086,สายไฟ VCT,ROL,1,Consumable,อุปกรณ์ไฟฟ้า,811,680,68162,,,,,FALSE,,,
BIF81100087,สตาร์ทเตอร์,Dozen,1,Consumable,อุปกรณ์ไฟฟ้า,811,680,68162,,,,,FALSE,,,
BIF81100088,เทปพันสายไฟ,Dozen,1,Consumable,อุปกรณ์ไฟฟ้า,811,680,68162,,,156,,FALSE,,,
BIF81100089,ชุดหลอดไฟพร้อมโคม 36 วัต,SET,10,Consumable,Safety,811,680,68162,,,,,FALSE,,,
BIF81100090,ชุดนิรภัยเต็มตัว,EA,10,Consumable,Safety,811,680,62405,,,6000,,FALSE,,,
BIF81100091,กระจกเชื่อมใส,PCS,20,Consumable,Safety,811,680,62405,,,4.5,,FALSE,,,
BIF81100092,ถุงมือหนังงานเชื่อม ยาว16 นิ้ว,PAIR,10,Consumable,Safety,811,680,62405,,,275,,FALSE,,,Remark : แก้ไขหน่วย บน Oracle เป็น Pair แต่การใช้งานเป็น EA
BIF81100093,เชือกมะนิลา หนา 20 มม. ยาว20ม.,PCS,1,Consumable,Safety,811,680,62405,,,750,,FALSE,,,
BIF81100094,PUMPKIN หน้ากากเชื่อม ปรับแสงอัตโนมัติ,PCS,2,Consumable,Safety,811,680,62405,,,,,FALSE,,,
BIF81100095,ดอกเจ็ทบอส เบอร์ 26,EA,5,Consumable,Spare part,811,680,56130,,,,,FALSE,,,
BIF81100096,ดอกเจ็ทบอส เบอร์ 30,EA,5,Consumable,Spare part,811,680,56130,,,,,FALSE,,,
BIF81100097,ดอกเจ็ทบอส เบอร์ 34,EA,5,Consumable,Spare part,811,680,56130,,,,,FALSE,,,
BIF81100098,ดอกเจ็ทบอส เบอร์ 38,EA,5,Consumable,Spare part,811,680,56130,,,,,FALSE,,,
BIF81100099,แกนนำศูนย์ แจ็คบอส 18mm.,EA,3,Consumable,Spare part,811,680,56130,,,,,FALSE,,,
BIF81100100,แกนนำศูนย์ แจ็คบอส 22mm.,EA,3,Consumable,Spare part,811,680,56130,,,,,FALSE,,,
BIF81100101,หินเจียระไนแกน คอตรง (หัวทราย),PCS,10,Consumable,อุปกรณ์งาน เจียร์,811,680,56130,,,29,,FALSE,,,
BIF81100102,หินเจียระไนแกน คอแหลม (หัวทราย),PCS,10,Consumable,อุปกรณ์งาน เจียร์,811,680,56130,,,33,,FALSE,,,
BIF81100103,ใบเจียรหนา 7 นิ้ว (25 Pcs/Box),Box,10,Consumable,อุปกรณ์งาน เจียร์,811,680,56130,,,700,PCS,TRUE,25,,
BIF81100104,ใบเจียรหนา 4 นิ้ว (25 Pcs/Box),Box,10,Consumable,อุปกรณ์งาน เจียร์,811,680,56130,,,320,PCS,TRUE,25,,
BIF81100105,ฟิล์มยึดพันพาเลท,EA,10,Consumable,อุปกรณ์งาน Pack,811,680,,,,1128,,FALSE,,,
BIF81100106,ถุงมือผ้าสีเทาขนาด 7 ขีด,Dozen,10,Consumable,Safety,811,680,62405,,,55,,FALSE,,,
BIF81100107,สายลมแก็ส,ROL,1,Consumable,Spare part,811,680,62405,,,,,FALSE,,,
BIF81100108,เข็มขัดรัดท่อ 1 นิ้ว,PCS,10,Consumable,Spare part,811,680,62405,,,12,,FALSE,,,
BIF81100109,คอปเปอร์ลมตัวผู้ หางปลาไหล ขนาด 30ph.,PCS,10,Consumable,Spare part,811,680,62405,,,,,FALSE,,,
BIF81100110,กระจกดำหน้ากากเชื่อม เบอร์ 10,PCS,10,Consumable,Safety,811,680,62405,,,,,FALSE,,,
BOF80900001,ค่าใช้พื้นที่,Month,,Expense,ค่าใช้จ่าย,809,697,62101,,,,,FALSE,,,
BIF81100111,กระจกดำหน้ากากเชื่อม เบอร์ 11,PCS,24,Consumable,อุปกรณ์งานเชื่อม,811,680,,,,,,FALSE,,,
BIF81100113,"89091 DIES BSW LEFT 1"" ALLOY W8",Set,1,Consumable,Spare part,811,680,,,,,,FALSE,,,
BIF81100114,"89089 DIES BSW LEFT 3/4"" ALLOY W10",Set,1,Consumable,Spare part,811,680,,,,,,FALSE,,,
BIF81100115,"89088 DIES BSW LEFT 5/8"" ALLOY W11",Set,1,Consumable,Spare part,811,680,,,,,,FALSE,,,
BIF81100116,ค่าซ่อมแซมและบำรุงรักษายานพาหนะ,JOB,,Expense,,,,,,,,,FALSE,,,
BIF81100117,น้ำยาหล่อเย็น (แกลลอน 5 ลิตร),GALLON,3,Consumable,Spare part,811,680,,,,,,FALSE,,,
BIF81100118,น้ำมันไฮดรอลิค HLP AW68 (ถังละ 18 ลิตร),EA,1,Consumable,Spare part,811,680,,,,,,FALSE,,,
BIF81100119,น้ำมันต๊าปเกลียว (แกลลอน 5 ลิตร),GALLON,3,Consumable,Spare part,811,680,,,,,,FALSE,,,
BIF81100120,เกจปรับแรงดันแก๊ส CO2 พร้อมฮีทเตอร์,EA,1,Consumable,Spare part,811,680,,,,,,FALSE,,,
BIF81100121,"เครื่องเจียรไฟฟ้า 4 นิ้ว Makita 9553NB,9553BX",EA,2,Consumable,อุปกรณ์งาน เจียร์,811,680,,,,,,FALSE,,,
BIF81100122,ช็อคเขียนเหล็ก(25แท่ง/กล่อง),Box,2,Consumable,อุปกรณ์งานประกอบ,811,680,,,,,,FALSE,,,
BIF81100123,"Retaining Cap, PMX125 [HT] (420156)",PCS,12,Consumable,อุปกรณ์งานตัด,811,680,,,,,,FALSE,,,
BIF81100124,Contact Tip PANA 1.2,EA,12,Consumable,อุปกรณ์งานเชื่อม,811,680,,,,,,FALSE,,,
BIF81100125,หินเจียรไนคอตรง,EA,12,Consumable,อุปกรณ์งาน เจียร์,811,680,,,,,,FALSE,,,
BIF81100127,โฟมรองชิ้นงาน หนา 3mm.,ROL,2,Consumable,อุปกรณ์งาน Load,811,680,,,,,,FALSE,,,
BIF81100128,โฟมรองชิ้นงาน หนา 5mm.,ROL,2,Consumable,อุปกรณ์งาน Load,811,680,,,,,,FALSE,,,
BIF81100129,ลวดเชื่อมไฟฟ้า LB 2.6 มม,EA,2,Consumable,อุปกรณ์งานเชื่อม,811,680,,,,,,FALSE,,,
BIF81100130,เทปกาวสีน้ำตาล กว้าง 2นิ้ว,EA,2,Consumable,อุปกรณ์งานเชื่อม,811,680,,,,,,FALSE,,,
BIF81100131,Tip Body Pana 350 A,EA,5,Consumable,อุปกรณ์งานเชื่อม,811,680,,,,,,FALSE,,,
BIF81100132,Repair & Maintenance Mechanical,JOB,,Service,อุปกรณ์งานเชื่อม,811,680,,,,,,FALSE,,,
BIF81100133,ลวดเชื่อม Mix 0.9,EA,5,Consumable,อุปกรณ์งานเชื่อม,811,680,,,,,,FALSE,,,
BIF81100134,ใบตัดบาง 4 นิ้ว (50 ใบ),Box,10,Consumable,อุปกรณ์งานตัด,811,680,,,,450,PCS,TRUE,50,,
BIF81100135,ช็อคเขียนเหล็ก(25แท่ง/กล่อง),Box,2,Consumable,อุปกรณ์งานตัด,811,680,,,,650,PCS,TRUE,25,,
BIF81100136,Tuffer ตัวขัดสนิม,PCS,4,Consumable,อุปกรณ์งานเชื่อม,811,680,,,,,,FALSE,,,
BIF81100137,CONTACTTIP 0.9,PCS,5,Consumable,อุปกรณ์งานเชื่อม,811,680,,,,,,FALSE,,,
BIF81100138,ใบเจียรหนา 5 นิ้ว (25ใบ),EA,5,Consumable,อุปกรณ์งาน เจียร์,811,680,,,,,,FALSE,,,
BIF81100139,ใบตัดบาง 7 นิ้ว (25 ใบ),EA,5,Consumable,อุปกรณ์งานตัด,811,680,,,,,,FALSE,,,
BIF81100140,ใบตัดFibar 16 นิ้ว,EA,10,Consumable,อุปกรณ์งานตัด,811,680,,,,,,FALSE,,,
BIF81100141,Swirl Ring 220997,PCS,3,Consumable,อุปกรณ์งานตัด,811,680,,,,1320,,FALSE,,,
BIF81100142,เข็มขัดรัดสายยาง,PCS,2,Consumable,Spare part,811,680,,,,10,,FALSE,,,
BIF81100143,ต่อตรงสวมสายยาง 1/2,PCS,2,Consumable,Spare part,811,680,,,,40,,FALSE,,,
BIF81100144,ลวดเชื่อม L-55 2.6 mm.,EA,10,Consumable,อุปกรณ์งานเชื่อม,811,680,,,,207.94,,FALSE,,,
BIF81100146,Shield (220976),PCS,10,Consumable,อุปกรณ์งานตัด,811,680,,,,,,FALSE,,,
BIF81100148,สวิทกดติดปล่อยดับกลมใหญ่,PCS,2,Consumable,อุปกรณ์งานเชื่อม,811,680,,,,20,,FALSE,,,
BIF81100149,แผ่นกรอง 3 M,PCS,5,Consumable,Safety,811,680,,,,,,FALSE,,,
BIF81100152,น้ำมัันไฮดรอลิค HLP AW46 (ถังละ18ลิตร),EA,3,Consumable,Spare part,811,680,,,,1750,,FALSE,,,
BIF81100153,หน้ากากใส สำหรับเจียร กันสะเก็ด,EA,5,Consumable,Safety,811,680,,,,250,,FALSE,,,
BIF81100154,ถ่าน AA,EA,3,Consumable,Spare part,811,680,,,,,,FALSE,,,
BIF81100155,น้ำยาอเนกประสงค์ WD-40,CN,1,Consumable,อุปกรณ์ไฟฟ้า,811,680,,,,,,FALSE,,,
BIF81100156,ผงเต้าตีเส้น,EA,2,Consumable,อุปกรณ์งาน Load,811,680,,,,,,FALSE,,,
BIF81100157,เต๊าตีเส้น Pumkin,EA,1,Consumable,อุปกรณ์งานประกอบ,811,680,,,,,,FALSE,,,
BIF81100158,ซองใส 11 รู,EA,1,Consumable,Office supply (อุปกรณ์สำนักงาน),811,680,,,,,,FALSE,,,
BIF81100159,ถุงมือกันสารเคมี size ใหญ่,EA,2,Consumable,อุปกรณ์งานตัด,811,680,,,,,,FALSE,,,
BIF81100160,น้ำยาจุ่มหัวเชื่อม,EA,2,Consumable,อุปกรณ์งานเชื่อม,811,680,,,,,,FALSE,,,
BIF81100161,CUTTING NOZZLE No.3,EA,2,Consumable,อุปกรณ์งานตัด,811,680,,,,,,FALSE,,,
BIF81100162,CUTTING NOZZLE No.2,EA,2,Consumable,อุปกรณ์งานตัด,811,680,,,,,,FALSE,,,
BIF81100163,เหล็กพืด 19มม.แพ็คงาน,EA,2,Consumable,อุปกรณ์งาน Pack,811,680,,,,,,FALSE,,,
BIF81100164,กิ๊บรัดเหล็กพืดแพ็คงาน 19 มม.,PAK,2,Consumable,อุปกรณ์งาน Pack,811,680,,,,,,FALSE,,,
BIF81100165,น้ำมันไฮดรอลิค ออยล์ (M) เบอร์ 46 ,EA,2,Consumable,อุปกรณ์งานตัด,811,680,,,,,,FALSE,,,
BIF81100166,ลวดอ่อนมัดแท็ค (kg.),EA,2,Consumable,อุปกรณ์งานประกอบ,811,680,,,,,,FALSE,,,
BIF81100167,ลวดเชื่อมซับเมิร์ค 4 mm.,EA,2,Consumable,อุปกรณ์งานเชื่อม,811,680,,,,,,FALSE,,,
BIF81100168,Contact Tip4.0 mm.,EA,2,Consumable,อุปกรณ์งานเชื่อม,811,680,,,,,,FALSE,,,
BIF81100169,เข็มขัดยกของ 5 ตัน ยาว 6 เมตร กว้าง 150มม.สีแดง,EA,2,Service,อุปกรณ์งาน Load,811,680,,,,,,FALSE,,,
BIF81100170,เข็มขัดยกของ 4 ตัน ยาว 6 เมตร กว้าง 120มม.สีเทา,EA,2,Service,อุปกรณ์งาน Load,811,680,,,,,,FALSE,,,
BIF81100171,เข็มขัดยกของ 3 ตัน ยาว 4 เมตร กว้าง 90มม.สีเหลือง,EA,2,Service,อุปกรณ์งาน Load,811,680,,,,,,FALSE,,,
BIF81100172,แว่นตานิรภัย สีดำ,EA,2,Service,Safety,811,680,,,,,,FALSE,,,
BIF81100173,แว่นตานิรภัย สีใส,EA,2,Service,Safety,811,680,,,,,,FALSE,,,
BIF81100174,ผงซักฟอก,EA,2,Consumable,Office supply (อุปกรณ์สำนักงาน),811,680,,,,,,FALSE,,,
BIF81100175,ปากกาเคมี 2หัว,EA,5,Consumable,Stationary (อุปกรณ์เครื่องเขียน),811,680,,,,,,FALSE,,,
BIF81100176,หน้ากากเชื่อม,EA,2,Consumable,อุปกรณ์งานเชื่อม,811,680,,,,,,FALSE,,,
BIF81100177,จานทรายซ้อนหลังแข็ง เบอร์ 80,Box,2,Consumable,อุปกรณ์งาน เจียร์,811,680,,,,,,FALSE,,,
BIF81100178,แก๊สดิฟฟูเซอร์ 350 Amp.,EA,2,Consumable,อุปกรณ์งานเชื่อม,811,680,,,,,,FALSE,,,
BIF81100179,จานทรายซ้อนหลังอ่อน เบอร์ 40,Box,2,Consumable,อุปกรณ์งาน เจียร์,811,680,,,,,,FALSE,,,
BIF81100180,ใบขัดกระดาษทราย 4 นิ้ว,Box,2,Consumable,อุปกรณ์งาน เจียร์,811,680,,,,,,FALSE,,,
BIF81100181,swan neck pana 350 amp.อะไหล่ปืนเชื่อมดกลียวใน,EA,2,Consumable,อุปกรณ์งานเชื่อม,811,680,,,,,,FALSE,,,
BIF81100182,ช็อคฝุ่น (คละสี),Box,2,Consumable,อุปกรณ์งานตรวจสอบ,811,680,,,,,,FALSE,,,
BIF81100183,สีโป้วไฟเบอร์กลาส,EA,2,Consumable,อุปกรณ์งานสี,811,680,,,,,,FALSE,,,
BIF81100184,ถุงมือเคลือบยางสีส้ม,EA,5,Consumable,Safety,811,680,,,,,,FALSE,,,
BIF81100185,ถุงมือยางดำ,Box,5,Consumable,Safety,811,680,,,,,,FALSE,,,
BIF81100186,กระดาษทราย เบอร์ 100,pcs,10,Consumable,อุปกรณ์งานสี,811,680,,,,,,FALSE,,,
BIF81100187,สายเอ็นอเนกประสงค์ เบอร์ 80,EA,2,Consumable,อุปกรณ์งานตรวจสอบ,811,680,,,,,,FALSE,,,
BIF81100188,ลวดเชื่อม Mix 1.2,EA,5,Consumable,อุปกรณ์งานเชื่อม,811,680,,,,,,FALSE,,,
BIF81100189,ลวดเชื่อมซับเมิร์ค 3.2 mm.,EA,10,Consumable,อุปกรณ์งานเชื่อม,811,680,,,,,,FALSE,,,
BIF81100190,นมหนูตัดแก๊ส LPG เบอร์ 3,EA,3,Consumable,อุปกรณ์งานตัด,811,680,,,,,,FALSE,,,
BIF81100191,นมหนูตัดแก๊ส LPG เบอร์ 2,EA,3,Consumable,อุปกรณ์งานตัด,811,680,,,,,,FALSE,,,
BIF81100192,สเปรย์ตรวจเช็ครอยเชื่อม สีฟ้า,EA,3,Consumable,อุปกรณ์งานเชื่อม,811,680,,,,,,FALSE,,,
BIF81100193,สเปรย์ตรวจเช็ครอยเชื่อม สีแดง,EA,3,Consumable,อุปกรณ์งานเชื่อม,811,680,,,,,,FALSE,,,
BIF81100194,สเปรย์ตรวจเช็ครอยเชื่อม สีขาว,EA,3,Consumable,อุปกรณ์งานเชื่อม,811,680,,,,,,FALSE,,,
BIF81100195,Regulator Oxygen.,EA,3,Consumable,อุปกรณ์งานตัด,811,680,,,,,,FALSE,,,
BIF81100196,ลวดเชื่อมซับเมิร์ค 4.0 mm.,EA,5,Consumable,อุปกรณ์งานเชื่อม,811,680,,,,,,FALSE,,,
BIF81100197,ปลอกแขนหนังเชื่อมงาน,EA,5,Consumable,อุปกรณ์งานเชื่อม,811,680,,,,,,FALSE,,,
,,,,,,,,,,,,,FALSE,,,
,,,,,,,,,,,,,FALSE,,,
,,,,,,,,,,,,,FALSE,,,
,,,,,,,,,,,,,FALSE,,,
,,,,,,,,,,,,,FALSE,,,
,,,,,,,,,,,,,FALSE,,,
,,,,,,,,,,,,,FALSE,,,
,,,,,,,,,,,,,FALSE,,,
,,,,,,,,,,,,,FALSE,,,
,,,,,,,,,,,,,FALSE,,,
,,,,,,,,,,,,,FALSE,,,
,,,,,,,,,,,,,FALSE,,,
,,,,,,,,,,,,,FALSE,,,
,,,,,,,,,,,,,FALSE,,,
,,,,,,,,,,,,,FALSE,,,
,,,,,,,,,,,,,FALSE,,,
,,,,,,,,,,,,,FALSE,,,
,,,,,,,,,,,,,FALSE,,,
,,,,,,,,,,,,,FALSE,,,
,,,,,,,,,,,,,FALSE,,,
,,,,,,,,,,,,,FALSE,,,
,,,,,,,,,,,,,FALSE,,,
,,,,,,,,,,,,,FALSE,,,
,,,,,,,,,,,,,FALSE,,,
,,,,,,,,,,,,,FALSE,,,
,,,,,,,,,,,,,FALSE,,,
,,,,,,,,,,,,,FALSE,,,
,,,,,,,,,,,,,FALSE,,,
,,,,,,,,,,,,,FALSE,,,
,,,,,,,,,,,,,FALSE,,,